"","location","year","doctors per 10000"
"1","Afghanistan",2016,2.78
"2","Afghanistan",2015,2.85
"3","Afghanistan",2014,2.98
"4","Afghanistan",2013,2.85
"5","Afghanistan",2012,2.41
"6","Afghanistan",2011,2.52
"7","Afghanistan",2010,2.37
"8","Afghanistan",2009,2.13
"9","Afghanistan",2008,1.74
"10","Afghanistan",2007,1.74
"11","Afghanistan",2006,1.6
"12","Afghanistan",2001,1.9
"13","Albania",2016,12.16
"14","Albania",2013,12.77
"15","Albania",2012,12.68
"16","Albania",2011,12.22
"17","Albania",2010,12.35
"18","Albania",2009,12.3
"19","Albania",2007,11.95
"20","Albania",2006,11.84
"21","Albania",2004,11.91
"22","Albania",2003,11.86
"23","Albania",2002,11.7
"24","Albania",2001,13.1
"25","Albania",2000,13.82
"26","Albania",1998,13.9
"27","Albania",1997,13.89
"28","Albania",1996,13.81
"29","Albania",1995,13.63
"30","Albania",1994,13.45
"31","Albania",1993,14.13
"32","Albania",1992,16.22
"33","Albania",1991,14.61
"34","Albania",1990,13.74
"35","Algeria",2018,17.19
"36","Algeria",2017,17.88
"37","Algeria",2016,18.33
"38","Algeria",2007,11.96
"39","Algeria",2005,10.24
"40","Algeria",2002,11.1
"41","Andorra",2015,33.33
"42","Andorra",2009,31.48
"43","Andorra",2007,30.11
"44","Andorra",2006,30.12
"45","Andorra",2005,32.32
"46","Andorra",2004,31.32
"47","Andorra",2003,33.33
"48","Andorra",2002,29
"49","Andorra",2001,26
"50","Andorra",2000,25.69
"51","Andorra",1998,25.27
"52","Andorra",1997,24.57
"53","Andorra",1995,22.38
"54","Angola",2017,2.15
"55","Angola",2009,1.31
"56","Angola",2004,0.62
"57","Angola",1997,0.59
"58","Antigua and Barbuda",2017,29.56
"59","Antigua and Barbuda",2008,5.27
"60","Antigua and Barbuda",2007,17.14
"61","Antigua and Barbuda",1999,1.61
"62","Argentina",2017,39.9
"63","Argentina",2016,40.01
"64","Argentina",2013,39.39
"65","Argentina",2004,31.86
"66","Argentina",2001,32.48
"67","Argentina",1998,30.17
"68","Argentina",1992,26.48
"69","Armenia",2017,44.02
"70","Armenia",2015,29.14
"71","Armenia",2014,28.93
"72","Armenia",2013,29.03
"73","Armenia",2012,28.97
"74","Armenia",2011,28.68
"75","Armenia",2010,28.42
"76","Armenia",2009,27.68
"77","Armenia",2008,27.43
"78","Armenia",2007,26.72
"79","Armenia",2006,25.9
"80","Armenia",2005,25.64
"81","Armenia",2004,24.6
"82","Armenia",2003,24.56
"83","Armenia",2002,25.63
"84","Armenia",2001,26.19
"85","Armenia",2000,27.01
"86","Armenia",1999,6.93
"87","Armenia",1998,6.73
"88","Armenia",1997,6.53
"89","Armenia",1996,6.63
"90","Armenia",1995,6.86
"91","Armenia",1994,6.96
"92","Armenia",1993,7.19
"93","Armenia",1992,7.42
"94","Armenia",1991,7.39
"95","Armenia",1990,7.47
"96","Australia",2017,36.78
"97","Australia",2016,35.67
"98","Australia",2015,34.89
"99","Australia",2014,34.31
"100","Australia",2013,33.53
"101","Australia",2012,32.86
"102","Australia",2011,32.88
"103","Australia",2010,33.43
"104","Australia",2009,31.09
"105","Australia",2008,30.06
"106","Australia",2007,29.95
"107","Australia",2006,28.34
"108","Australia",2005,27.79
"109","Australia",2001,24.94
"110","Australia",1996,25.31
"111","Austria",2017,51.7
"112","Austria",2016,51.23
"113","Austria",2015,51.04
"114","Austria",2014,50.36
"115","Austria",2013,49.74
"116","Austria",2012,48.86
"117","Austria",2011,48.4
"118","Austria",2010,48.02
"119","Austria",2009,47.06
"120","Austria",2008,46.17
"121","Austria",2007,45.53
"122","Austria",2006,44.68
"123","Austria",2005,43.36
"124","Austria",2004,42.1
"125","Austria",2003,41.17
"126","Austria",2002,40.34
"127","Austria",2001,39.62
"128","Austria",2000,38.49
"129","Austria",1999,37.61
"130","Austria",1998,37.64
"131","Austria",1997,36.38
"132","Austria",1996,35.62
"133","Austria",1995,34.93
"134","Austria",1994,34.03
"135","Austria",1993,33.02
"136","Austria",1992,32.17
"137","Austria",1991,30.81
"138","Austria",1990,29.91
"139","Azerbaijan",2014,34.46
"140","Azerbaijan",2013,34.56
"141","Azerbaijan",2012,34.9
"142","Azerbaijan",2011,34.38
"143","Azerbaijan",2010,36.63
"144","Azerbaijan",2009,36.75
"145","Azerbaijan",2008,36.84
"146","Azerbaijan",2007,37.12
"147","Azerbaijan",2006,35.65
"148","Azerbaijan",2005,35.82
"149","Azerbaijan",2004,35.57
"150","Azerbaijan",2003,35.51
"151","Azerbaijan",2002,35.62
"152","Azerbaijan",2001,35.48
"153","Azerbaijan",2000,35.74
"154","Azerbaijan",1999,35.37
"155","Azerbaijan",1998,35.64
"156","Azerbaijan",1997,36.43
"157","Azerbaijan",1996,37.17
"158","Azerbaijan",1995,37.58
"159","Azerbaijan",1994,37.51
"160","Azerbaijan",1993,38.02
"161","Azerbaijan",1992,37.71
"162","Azerbaijan",1991,38.23
"163","Azerbaijan",1990,37.96
"164","Bahamas",2017,20.07
"165","Bahamas",2011,23.08
"166","Bahamas",2008,27.55
"167","Bahamas",1998,10.74
"168","Bahrain",2015,9.26
"169","Bahrain",2014,9.57
"170","Bahrain",2013,9.54
"171","Bahrain",2012,9.57
"172","Bahrain",2011,9.45
"173","Bahrain",2010,9.49
"174","Bahrain",2009,9.7
"175","Bahrain",2008,9.9
"176","Bahrain",2007,10.16
"177","Bahrain",2006,10.14
"178","Bahrain",2005,10.44
"179","Bahrain",2004,9.68
"180","Bahrain",2003,10.48
"181","Bahrain",2002,10.77
"182","Bahrain",2001,10.64
"183","Bahrain",2000,10.2
"184","Bangladesh",2018,5.81
"185","Bangladesh",2017,5.43
"186","Bangladesh",2016,4.97
"187","Bangladesh",2015,4.86
"188","Bangladesh",2014,4.89
"189","Bangladesh",2013,4.22
"190","Bangladesh",2012,4
"191","Bangladesh",2011,3.84
"192","Bangladesh",2010,3.64
"193","Bangladesh",2009,3.54
"194","Bangladesh",2008,3.42
"195","Bangladesh",2007,3.29
"196","Bangladesh",2006,3.17
"197","Bangladesh",2005,3.08
"198","Bangladesh",2004,2.81
"199","Bangladesh",2003,2.71
"200","Bangladesh",2001,2.5
"201","Barbados",2017,24.84
"202","Barbados",2005,17.7
"203","Barbados",2001,15.41
"204","Barbados",2000,13.44
"205","Barbados",1995,13.46
"206","Belarus",2015,51.91
"207","Belarus",2014,50.12
"208","Belarus",2013,48.53
"209","Belarus",2012,48.35
"210","Belarus",2011,47.61
"211","Belarus",2010,32.5
"212","Belarus",2009,32.85
"213","Belarus",2008,31.48
"214","Belarus",2007,35.31
"215","Belarus",2006,33.8
"216","Belarus",2005,33.15
"217","Belarus",2004,33.02
"218","Belarus",2003,33.18
"219","Belarus",2002,32.99
"220","Belarus",2001,32.8
"221","Belarus",2000,33
"222","Belarus",1999,32.9
"223","Belarus",1998,32.26
"224","Belarus",1997,31.61
"225","Belarus",1996,31.18
"226","Belarus",1995,30.5
"227","Belarus",1994,30.19
"228","Belarus",1993,29.57
"229","Belarus",1992,29.41
"230","Belarus",1991,28.96
"231","Belarus",1990,29.11
"232","Belgium",2017,30.71
"233","Belgium",2016,30.68
"234","Belgium",2015,30.14
"235","Belgium",2014,29.72
"236","Belgium",2013,29.59
"237","Belgium",2012,29.39
"238","Belgium",2011,29.22
"239","Belgium",2010,29.09
"240","Belgium",2009,29.08
"241","Belgium",2008,29.02
"242","Belgium",2007,28.86
"243","Belgium",2006,28.66
"244","Belgium",2005,28.52
"245","Belgium",2004,28.52
"246","Belgium",2003,28.45
"247","Belgium",2002,28.5
"248","Belgium",2001,28.4
"249","Belgium",2000,28.2
"250","Belgium",1999,27.93
"251","Belize",2017,11.23
"252","Belize",2014,5.66
"253","Belize",2012,11.45
"254","Belize",2009,7.66
"255","Belize",2000,10.15
"256","Benin",2018,0.79
"257","Benin",2016,0.48
"258","Benin",2013,1.85
"259","Benin",2012,1.65
"260","Benin",2011,0.58
"261","Benin",2010,0.56
"262","Benin",2008,0.62
"263","Benin",2004,0.4
"264","Bhutan",2018,4.24
"265","Bhutan",2017,4.02
"266","Bhutan",2016,4.06
"267","Bhutan",2015,3.45
"268","Bhutan",2014,3.39
"269","Bhutan",2013,2.86
"270","Bhutan",2012,2.77
"271","Bhutan",2008,2.55
"272","Bhutan",2007,2.17
"273","Bhutan",2004,1.85
"274","Bolivia (Plurinational State of)",2016,15.9
"275","Bolivia (Plurinational State of)",2011,4.67
"276","Bolivia (Plurinational State of)",2010,4.39
"277","Bolivia (Plurinational State of)",2007,3.32
"278","Bolivia (Plurinational State of)",2001,12.04
"279","Bosnia and Herzegovina",2015,21.62
"280","Bosnia and Herzegovina",2014,21.33
"281","Bosnia and Herzegovina",2013,20.36
"282","Bosnia and Herzegovina",2012,19.49
"283","Bosnia and Herzegovina",2011,18.79
"284","Bosnia and Herzegovina",2010,17.99
"285","Bosnia and Herzegovina",2009,17.38
"286","Bosnia and Herzegovina",2008,16.71
"287","Bosnia and Herzegovina",2007,16.43
"288","Bosnia and Herzegovina",2006,15.75
"289","Bosnia and Herzegovina",2005,15.33
"290","Bosnia and Herzegovina",2004,15.09
"291","Bosnia and Herzegovina",2003,14.78
"292","Bosnia and Herzegovina",2002,14.48
"293","Bosnia and Herzegovina",2001,14.5
"294","Bosnia and Herzegovina",2000,14.55
"295","Bosnia and Herzegovina",1991,16.08
"296","Bosnia and Herzegovina",1990,15.76
"297","Botswana",2016,5.27
"298","Botswana",2012,4.02
"299","Botswana",2011,4.06
"300","Botswana",2010,4.12
"301","Botswana",2009,3.55
"302","Botswana",2008,3.74
"303","Botswana",2007,3.78
"304","Botswana",2006,3.22
"305","Botswana",2005,2.59
"306","Botswana",2004,4.05
"307","Botswana",2003,3.03
"308","Botswana",2002,3.14
"309","Botswana",2001,3.05
"310","Botswana",2000,3.04
"311","Botswana",1999,3.15
"312","Botswana",1998,2.69
"313","Brazil",2018,21.64
"314","Brazil",2017,21.65
"315","Brazil",2013,18.82
"316","Brazil",2011,18.49
"317","Brazil",2010,18.14
"318","Brazil",2009,18.17
"319","Brazil",2008,17.8
"320","Brazil",2007,17.31
"321","Brazil",2006,17.01
"322","Brazil",2005,16.66
"323","Brazil",2004,15.87
"324","Brazil",2003,14.75
"325","Brazil",2002,14.18
"326","Brazil",2001,13.9
"327","Brazil",2000,11.34
"328","Brazil",1999,13.73
"329","Brazil",1998,12.76
"330","Brazil",1997,12.91
"331","Brazil",1996,12.56
"332","Brazil",1995,12.25
"333","Brazil",1994,11.95
"334","Brazil",1993,11.67
"335","Brazil",1992,11.4
"336","Brazil",1990,10.86
"337","Brunei Darussalam",2017,16.09
"338","Brunei Darussalam",2015,17.81
"339","Brunei Darussalam",2014,15.11
"340","Brunei Darussalam",2013,16.22
"341","Brunei Darussalam",2012,14.94
"342","Brunei Darussalam",2011,15.44
"343","Brunei Darussalam",2010,14.49
"344","Brunei Darussalam",2009,11.59
"345","Brunei Darussalam",2008,14.87
"346","Brunei Darussalam",2007,10.48
"347","Brunei Darussalam",2006,10.78
"348","Brunei Darussalam",2005,10.68
"349","Brunei Darussalam",2004,12.88
"350","Brunei Darussalam",2002,11.53
"351","Brunei Darussalam",2000,10.08
"352","Bulgaria",2015,40.33
"353","Bulgaria",2014,39.75
"354","Bulgaria",2013,39.63
"355","Bulgaria",2012,39
"356","Bulgaria",2011,38.47
"357","Bulgaria",2010,37.66
"358","Bulgaria",2009,37.4
"359","Bulgaria",2008,36.49
"360","Bulgaria",2007,36.8
"361","Bulgaria",2006,36.81
"362","Bulgaria",2005,36.65
"363","Bulgaria",2004,35.39
"364","Bulgaria",2003,36.04
"365","Bulgaria",2002,35.2
"366","Bulgaria",2001,34.28
"367","Bulgaria",2000,34.42
"368","Bulgaria",1998,34.99
"369","Bulgaria",1997,34.9
"370","Bulgaria",1996,35.69
"371","Bulgaria",1995,34.69
"372","Bulgaria",1994,33.15
"373","Bulgaria",1993,33.18
"374","Bulgaria",1992,31.16
"375","Bulgaria",1991,30.52
"376","Bulgaria",1990,32.23
"377","Burkina Faso",2017,0.85
"378","Burkina Faso",2016,0.65
"379","Burkina Faso",2015,0.66
"380","Burkina Faso",2014,0.49
"381","Burkina Faso",2013,0.47
"382","Burkina Faso",2012,0.48
"383","Burkina Faso",2011,0.39
"384","Burkina Faso",2010,0.46
"385","Burkina Faso",2009,0.45
"386","Burkina Faso",2008,0.32
"387","Burkina Faso",2004,0.54
"388","Burundi",2017,1
"389","Burundi",2015,0.5
"390","Burundi",2014,0.62
"391","Burundi",2013,0.58
"392","Burundi",2012,0.54
"393","Burundi",2011,0.4
"394","Burundi",2010,0.48
"395","Burundi",2004,0.28
"396","Cabo Verde",2015,7.81
"397","Cabo Verde",2013,6.02
"398","Cabo Verde",2012,5.15
"399","Cabo Verde",2011,5.85
"400","Cabo Verde",2010,5.93
"401","Cabo Verde",2009,5.16
"402","Cambodia",2014,1.93
"403","Cambodia",2013,4.76
"404","Cambodia",2012,1.65
"405","Cambodia",2011,2.26
"406","Cambodia",2010,2.3
"407","Cambodia",2009,2.38
"408","Cambodia",2008,2.44
"409","Cambodia",2000,1.68
"410","Cambodia",1998,1.48
"411","Cambodia",1996,1.14
"412","Cameroon",2011,0.88
"413","Cameroon",2010,0.84
"414","Cameroon",2009,0.68
"415","Cameroon",2007,0.7
"416","Cameroon",2005,0.59
"417","Cameroon",2004,1.81
"418","Canada",2016,23.11
"419","Central African Republic",2015,0.72
"420","Central African Republic",2009,0.47
"421","Central African Republic",2008,0.41
"422","Central African Republic",2004,0.84
"423","Chad",2017,0.43
"424","Chad",2016,0.47
"425","Chad",2015,0.49
"426","Chad",2014,0.45
"427","Chad",2013,0.43
"428","Chad",2012,0.41
"429","Chad",2006,0.35
"430","Chad",2004,0.35
"431","Chad",2000,0.28
"432","Chad",1999,0.29
"433","Chad",1998,0.2
"434","Chad",1997,0.26
"435","Chile",2018,25.91
"436","Chile",2017,24.41
"437","Chile",2016,22.94
"438","Chile",2015,21.47
"439","Chile",2014,20.28
"440","Chile",2013,18.81
"441","Chile",2012,17.47
"442","Chile",2011,15.85
"443","Chile",2010,14.33
"444","Chile",2009,10.29
"445","Chile",2008,10.39
"446","Chile",2007,10.37
"447","Chile",2006,10.4
"448","Chile",2005,9.8
"449","Chile",2004,9.84
"450","Chile",2003,9.47
"451","Chile",2002,8.92
"452","Chile",1992,9.95
"453","China",2017,19.8
"454","China",2016,18.65
"455","China",2015,17.73
"456","China",2014,16.88
"457","China",2013,16.33
"458","China",2012,15.37
"459","China",2011,14.64
"460","China",2010,14.53
"461","China",2009,13.92
"462","China",2008,13.17
"463","China",2007,12.68
"464","China",2006,12.47
"465","China",2005,12.13
"466","China",2002,11.13
"467","China",2000,12.36
"468","China",1999,12.12
"469","China",1998,11.84
"470","China",1997,11.87
"471","China",1996,11.73
"472","China",1995,11.66
"473","China",1990,11.02
"474","Colombia",2018,21.85
"475","Colombia",2017,21.06
"476","Colombia",2016,20.34
"477","Colombia",2015,19.74
"478","Colombia",2014,18.53
"479","Colombia",2013,18.43
"480","Colombia",2011,16.97
"481","Colombia",2010,15.92
"482","Colombia",2009,15.67
"483","Colombia",2008,15.43
"484","Colombia",2007,15.19
"485","Colombia",2006,14.96
"486","Colombia",2005,14.73
"487","Colombia",2002,14.38
"488","Colombia",1999,13.28
"489","Colombia",1998,12.96
"490","Colombia",1997,12.63
"491","Colombia",1996,12.31
"492","Colombia",1994,11.74
"493","Colombia",1993,11.47
"494","Colombia",1992,11.06
"495","Colombia",1991,10.61
"496","Colombia",1990,10.15
"497","Comoros",2016,2.72
"498","Comoros",2012,1.7
"499","Comoros",2009,1.9
"500","Comoros",2005,1.9
"501","Comoros",2004,1.93
"502","Congo",2011,1.65
"503","Congo",2010,1.16
"504","Congo",2007,1.04
"505","Congo",2006,2.09
"506","Congo",2004,2.15
"507","Congo",1998,7.3
"508","Cook Islands",2014,14.12
"509","Cook Islands",2009,12.9
"510","Cook Islands",2004,10.58
"511","Cook Islands",2001,7.78
"512","Costa Rica",2018,28.94
"513","Costa Rica",2017,29.53
"514","Costa Rica",2016,13.76
"515","Costa Rica",2015,13.79
"516","Costa Rica",2014,26.43
"517","Costa Rica",2013,11.41
"518","Costa Rica",2012,24.58
"519","Costa Rica",2011,23.72
"520","Costa Rica",2010,23.06
"521","Costa Rica",2009,22.18
"522","Costa Rica",2008,21.58
"523","Costa Rica",2007,20.91
"524","Costa Rica",2006,20.42
"525","Costa Rica",2000,13.13
"526","Côte d’Ivoire",2014,2.31
"527","Côte d’Ivoire",2011,1.53
"528","Côte d’Ivoire",2008,1.4
"529","Côte d’Ivoire",2005,0.93
"530","Côte d’Ivoire",2004,1.16
"531","Croatia",2016,30
"532","Croatia",2015,31.73
"533","Croatia",2014,31.26
"534","Croatia",2013,30.18
"535","Croatia",2012,29.73
"536","Croatia",2011,28.96
"537","Croatia",2010,28.43
"538","Croatia",2009,27.21
"539","Croatia",2008,27.11
"540","Croatia",2007,27.05
"541","Croatia",2006,25.74
"542","Croatia",2005,25.35
"543","Croatia",2004,25.3
"544","Croatia",2003,24.65
"545","Croatia",2002,24.09
"546","Croatia",2001,23.94
"547","Croatia",2000,23.57
"548","Croatia",1999,25.01
"549","Croatia",1998,25.97
"550","Croatia",1997,27.46
"551","Croatia",1996,27.25
"552","Croatia",1995,27.19
"553","Croatia",1994,27.41
"554","Croatia",1993,27.46
"555","Croatia",1992,27.17
"556","Croatia",1991,26.75
"557","Croatia",1990,29.69
"558","Cuba",2018,84.22
"559","Cuba",2017,82.95
"560","Cuba",2016,79.54
"561","Cuba",2015,77.69
"562","Cuba",2014,75.67
"563","Cuba",2013,74.18
"564","Cuba",2012,72.9
"565","Cuba",2011,69.97
"566","Cuba",2010,68.15
"567","Cuba",2009,66.7
"568","Cuba",2008,66.35
"569","Cuba",2007,64.36
"570","Cuba",2006,63.48
"571","Cuba",2005,62.69
"572","Cuba",2004,61.97
"573","Cuba",2003,60.57
"574","Cuba",2002,59.89
"575","Cuba",2001,59.41
"576","Cuba",2000,59.32
"577","Cuba",1999,58.52
"578","Cuba",1998,57.51
"579","Cuba",1997,56.98
"580","Cuba",1996,54.97
"581","Cuba",1995,52.2
"582","Cuba",1994,49.88
"583","Cuba",1993,47.31
"584","Cuba",1992,43.65
"585","Cuba",1991,39.94
"586","Cuba",1990,36.51
"587","Cyprus",2016,19.51
"588","Cyprus",2015,26.24
"589","Cyprus",2014,24.99
"590","Cyprus",2013,24.08
"591","Cyprus",2012,22.96
"592","Cyprus",2011,22.48
"593","Cyprus",2010,21.56
"594","Cyprus",2009,21.06
"595","Cyprus",2008,20.51
"596","Cyprus",2007,20.15
"597","Cyprus",2006,18.37
"598","Cyprus",2005,18.97
"599","Cyprus",2004,19.12
"600","Cyprus",2003,18.62
"601","Cyprus",2002,18.78
"602","Cyprus",2001,19.15
"603","Cyprus",2000,19.08
"604","Cyprus",1998,18.94
"605","Cyprus",1997,18.91
"606","Cyprus",1996,18.83
"607","Cyprus",1995,18.79
"608","Cyprus",1994,18.25
"609","Cyprus",1993,17.6
"610","Cyprus",1992,17.09
"611","Cyprus",1991,16.15
"612","Cyprus",1990,15.63
"613","Czechia",2018,41.21
"614","Czechia",2017,40.68
"615","Czechia",2016,40.19
"616","Czechia",2015,39.52
"617","Czechia",2014,39.35
"618","Czechia",2013,36.63
"619","Czechia",2012,36.5
"620","Czechia",2011,35.61
"621","Czechia",2010,35.17
"622","Czechia",2009,35.03
"623","Czechia",2008,35.42
"624","Czechia",2007,35.54
"625","Czechia",2006,35.53
"626","Czechia",2005,34.91
"627","Czechia",2004,35.07
"628","Czechia",2003,35.12
"629","Czechia",2002,34.87
"630","Czechia",2001,34.29
"631","Czechia",2000,33.63
"632","Czechia",1999,30.71
"633","Czechia",1998,30.22
"634","Czechia",1997,31.02
"635","Czechia",1996,29.74
"636","Czechia",1995,29.87
"637","Czechia",1994,29.25
"638","Czechia",1993,28.56
"639","Czechia",1992,26.7
"640","Czechia",1991,26.65
"641","Czechia",1990,27.11
"642","Democratic People's Republic of Korea",2017,36.83
"643","Democratic People's Republic of Korea",2016,37.01
"644","Democratic People's Republic of Korea",2014,35.06
"645","Democratic People's Republic of Korea",2012,34.46
"646","Democratic People's Republic of Korea",2008,32.88
"647","Democratic People's Republic of Korea",2003,31.69
"648","Democratic Republic of the Congo",2016,0.74
"649","Democratic Republic of the Congo",2013,0.9
"650","Democratic Republic of the Congo",2009,0.93
"651","Denmark",2016,40.1
"652","Denmark",2015,39.26
"653","Denmark",2014,38.63
"654","Denmark",2013,38.34
"655","Denmark",2012,38.24
"656","Denmark",2011,37.81
"657","Denmark",2010,37.21
"658","Denmark",2009,36.49
"659","Denmark",2008,35.77
"660","Denmark",2007,34.53
"661","Denmark",2006,34.19
"662","Denmark",2005,33.33
"663","Denmark",2004,32.28
"664","Denmark",2003,30.83
"665","Denmark",2002,30.38
"666","Denmark",2001,29.33
"667","Denmark",2000,29.12
"668","Denmark",1999,28.83
"669","Denmark",1998,28.57
"670","Denmark",1997,27.8
"671","Denmark",1996,27.04
"672","Denmark",1995,26.83
"673","Denmark",1994,26.41
"674","Denmark",1993,26.14
"675","Denmark",1992,25.97
"676","Denmark",1991,24.31
"677","Denmark",1990,24.95
"678","Djibouti",2014,2.24
"679","Djibouti",2006,2.33
"680","Djibouti",2005,1.79
"681","Djibouti",2004,1.67
"682","Djibouti",1999,1.33
"683","Dominica",2017,11.19
"684","Dominica",2001,17.79
"685","Dominica",1997,5.38
"686","Dominican Republic",2011,15.27
"687","Dominican Republic",2008,10.98
"688","Dominican Republic",2000,18.5
"689","Ecuador",2016,20.37
"690","Ecuador",2015,20.65
"691","Ecuador",2011,16.58
"692","Ecuador",2010,21.11
"693","Ecuador",2009,15.98
"694","Ecuador",2003,14.97
"695","Ecuador",2002,15.67
"696","Ecuador",2001,15.44
"697","Ecuador",2000,14.46
"698","Ecuador",1999,13.72
"699","Ecuador",1998,13.13
"700","Ecuador",1997,13.28
"701","Ecuador",1996,13.15
"702","Ecuador",1995,12.46
"703","Ecuador",1994,12.73
"704","Ecuador",1993,11.08
"705","Ecuador",1992,11.99
"706","Ecuador",1991,11.65
"707","Ecuador",1990,9.56
"708","Egypt",2018,4.52
"709","Egypt",2017,7.99
"710","Egypt",2016,8.21
"711","Egypt",2015,8.22
"712","Egypt",2014,11.38
"713","Egypt",2003,5.29
"714","El Salvador",2016,15.66
"715","El Salvador",2008,18.82
"716","El Salvador",2005,17.11
"717","El Salvador",2002,13.31
"718","El Salvador",1999,12.44
"719","Equatorial Guinea",2017,4.02
"720","Equatorial Guinea",2004,2.13
"721","Eritrea",2016,0.63
"722","Eritrea",2004,0.79
"723","Estonia",2018,44.83
"724","Estonia",2017,34.63
"725","Estonia",2016,34.55
"726","Estonia",2015,34.15
"727","Estonia",2014,33.56
"728","Estonia",2013,33.32
"729","Estonia",2012,32.82
"730","Estonia",2011,32.93
"731","Estonia",2010,32.42
"732","Estonia",2009,32.77
"733","Estonia",2008,33.35
"734","Estonia",2007,32.51
"735","Estonia",2006,31.76
"736","Estonia",2005,31.43
"737","Estonia",2004,31.79
"738","Estonia",2003,31.15
"739","Estonia",2002,30.87
"740","Estonia",2001,30.5
"741","Estonia",2000,31.24
"742","Estonia",1999,31.39
"743","Estonia",1998,30.79
"744","Estonia",1997,32.16
"745","Estonia",1996,31.44
"746","Estonia",1995,32
"747","Estonia",1994,32.12
"748","Estonia",1993,32.2
"749","Estonia",1992,32.9
"750","Estonia",1991,35.65
"751","Estonia",1990,35.13
"752","Eswatini",2016,3.29
"753","Eswatini",2011,1.02
"754","Eswatini",2009,1.64
"755","Eswatini",2004,1.67
"756","Eswatini",2003,1.56
"757","Eswatini",2001,1.77
"758","Ethiopia",2018,0.77
"759","Ethiopia",2017,0.99
"760","Ethiopia",2016,0.46
"761","Ethiopia",2009,0.25
"762","Ethiopia",2008,0.25
"763","Ethiopia",2007,0.22
"764","Ethiopia",2006,0.27
"765","Ethiopia",2005,0.32
"766","Ethiopia",2004,0.27
"767","Ethiopia",2003,0.27
"768","Fiji",2015,8.6
"769","Fiji",2013,8.16
"770","Fiji",2009,4.36
"771","Fiji",2008,3.99
"772","Fiji",2003,4.66
"773","Fiji",1999,3.36
"774","Finland",2016,38.12
"775","Finland",2015,33.31
"776","Finland",2014,33.92
"777","Finland",2013,32.97
"778","Finland",2012,32.85
"779","Finland",2011,31.22
"780","Finland",2010,32.65
"781","Finland",2009,30.86
"782","Finland",2008,30.62
"783","Finland",2007,30.35
"784","Finland",2006,30.26
"785","Finland",2005,29.91
"786","Finland",2004,29.51
"787","Finland",2003,29.22
"788","Finland",2002,28.92
"789","Finland",2001,28.56
"790","Finland",2000,28.54
"791","Finland",1999,27.59
"792","Finland",1994,32.07
"793","Finland",1993,31.3
"794","Finland",1992,30.55
"795","Finland",1991,29.82
"796","Finland",1990,28.92
"797","France",2018,32.67
"798","France",2017,32.57
"799","France",2016,32.38
"800","France",2015,32.24
"801","France",2014,32.12
"802","France",2013,31.95
"803","France",2012,31.75
"804","France",2011,31.62
"805","France",2010,33.74
"806","France",2009,33.69
"807","France",2008,34.16
"808","France",2007,34.19
"809","France",2006,34.36
"810","France",2005,34.41
"811","France",2004,34.4
"812","France",2003,34.24
"813","France",2002,34.11
"814","France",2001,33.87
"815","France",2000,33.55
"816","France",1999,33.35
"817","France",1998,33.34
"818","France",1997,33.22
"819","France",1996,33.04
"820","France",1995,32.85
"821","France",1994,32.66
"822","France",1993,32.33
"823","France",1992,32.07
"824","France",1991,31.56
"825","France",1990,31.04
"826","Gabon",2017,6.82
"827","Gabon",2016,3.56
"828","Gabon",2008,0.97
"829","Gabon",2004,2.92
"830","Gabon",1995,2.96
"831","Gabon",1994,2.62
"832","Gabon",1993,2.19
"833","Gabon",1991,1.94
"834","Gambia",2015,1.02
"835","Gambia",2008,1.04
"836","Gambia",2007,0.97
"837","Gambia",2006,1.1
"838","Gambia",2005,1.08
"839","Gambia",2004,1.11
"840","Gambia",2003,1.08
"841","Georgia",2018,71.2
"842","Georgia",2017,61.3
"843","Georgia",2016,59.97
"844","Georgia",2015,50.06
"845","Georgia",2014,47.75
"846","Georgia",2013,45.15
"847","Georgia",2012,44.87
"848","Georgia",2011,45
"849","Georgia",2010,44.47
"850","Georgia",2009,42.22
"851","Georgia",2008,40
"852","Georgia",2007,39.03
"853","Georgia",2006,38.68
"854","Georgia",2005,38.16
"855","Georgia",2004,38.01
"856","Georgia",2003,38.27
"857","Georgia",2002,38.07
"858","Georgia",2001,37.16
"859","Georgia",2000,38.37
"860","Georgia",1999,38.72
"861","Georgia",1998,38.04
"862","Georgia",1997,36.52
"863","Georgia",1996,30.64
"864","Germany",2017,42.49
"865","Germany",2016,41.94
"866","Germany",2015,41.34
"867","Germany",2014,40.85
"868","Germany",2013,40.09
"869","Germany",2012,39.2
"870","Germany",2011,38.49
"871","Germany",2010,37.57
"872","Germany",2009,36.64
"873","Germany",2008,35.86
"874","Germany",2007,35.29
"875","Germany",2006,34.75
"876","Germany",2005,34.31
"877","Germany",2004,34.1
"878","Germany",2003,33.9
"879","Germany",2002,33.6
"880","Germany",2001,33.29
"881","Germany",2000,32.79
"882","Germany",1999,32.24
"883","Germany",1998,31.87
"884","Germany",1997,31.41
"885","Germany",1996,31.23
"886","Germany",1995,30.75
"887","Germany",1994,30.11
"888","Germany",1993,29.42
"889","Germany",1992,28.5
"890","Germany",1991,27.73
"891","Ghana",2017,1.36
"892","Ghana",2016,1.27
"893","Ghana",2012,0.96
"894","Ghana",2011,0.98
"895","Ghana",2010,0.94
"896","Ghana",2009,0.84
"897","Ghana",2008,0.79
"898","Ghana",2007,0.73
"899","Ghana",2004,1.52
"900","Greece",2017,54.79
"901","Greece",2016,54.04
"902","Greece",2015,52.53
"903","Greece",2014,52.17
"904","Greece",2013,42.16
"905","Greece",2012,41.34
"906","Greece",2011,40.41
"907","Greece",2010,39.44
"908","Greece",2009,38.71
"909","Greece",2008,37.58
"910","Greece",2007,36.71
"911","Greece",2006,34.83
"912","Greece",2005,33.84
"913","Greece",2004,48.01
"914","Greece",2003,46.55
"915","Greece",2002,45.02
"916","Greece",2001,43.06
"917","Greece",2000,42.64
"918","Greece",1999,41.83
"919","Greece",1998,40.8
"920","Greece",1997,39.46
"921","Greece",1996,38.32
"922","Greece",1995,38.34
"923","Greece",1994,38.03
"924","Greece",1993,38.08
"925","Greece",1992,37.18
"926","Greece",1991,36.1
"927","Greece",1990,33.58
"928","Grenada",2017,14.07
"929","Grenada",2006,6.58
"930","Grenada",2003,5.58
"931","Grenada",2002,5.6
"932","Grenada",2001,5.62
"933","Grenada",2000,5.64
"934","Grenada",1999,5.76
"935","Grenada",1997,4.04
"936","Guatemala",2018,3.55
"937","Guatemala",2009,9.04
"938","Guatemala",1999,8.75
"939","Guinea",2016,0.83
"940","Guinea",2015,0.86
"941","Guinea",2005,1.03
"942","Guinea",2004,1.11
"943","Guinea",2000,0.93
"944","Guinea-Bissau",2016,1.27
"945","Guinea-Bissau",2015,2.04
"946","Guinea-Bissau",2011,0.64
"947","Guinea-Bissau",2009,0.84
"948","Guinea-Bissau",2008,0.54
"949","Guinea-Bissau",2004,1.43
"950","Guyana",2018,8.02
"951","Guyana",2010,6.87
"952","Guyana",2009,2.15
"953","Guyana",2000,4.9
"954","Haiti",2018,2.34
"955","Haiti",2015,0.85
"956","Haiti",2011,1.38
"957","Haiti",1998,2.38
"958","Honduras",2017,3.09
"959","Honduras",2016,5.98
"960","Honduras",2013,9.84
"961","Honduras",2010,2.95
"962","Honduras",2005,3.59
"963","Honduras",2000,5.59
"964","Hungary",2018,34.08
"965","Hungary",2017,33.45
"966","Hungary",2016,32.31
"967","Hungary",2015,31.18
"968","Hungary",2014,33.44
"969","Hungary",2013,32.28
"970","Hungary",2012,31.06
"971","Hungary",2011,29.81
"972","Hungary",2010,28.9
"973","Hungary",2009,30.4
"974","Hungary",2008,31.05
"975","Hungary",2007,28.12
"976","Hungary",2006,30.41
"977","Hungary",2005,27.82
"978","Hungary",2004,33.35
"979","Hungary",2003,37.71
"980","Hungary",2002,36.68
"981","Hungary",2001,32.46
"982","Hungary",2000,30.03
"983","Hungary",1999,35.5
"984","Hungary",1998,35.16
"985","Hungary",1997,34.42
"986","Hungary",1996,33.9
"987","Hungary",1995,33.47
"988","Hungary",1994,33.43
"989","Hungary",1993,32.91
"990","Hungary",1992,33.35
"991","Hungary",1991,32.67
"992","Hungary",1990,31.69
"993","Iceland",2018,40.78
"994","Iceland",2017,39.77
"995","Iceland",2016,38.89
"996","Iceland",2015,37.83
"997","Iceland",2014,36.31
"998","Iceland",2013,35.7
"999","Iceland",2012,35.07
"1000","Iceland",2011,34.56
"1001","Iceland",2010,35.65
"1002","Iceland",2009,36.76
"1003","Iceland",2008,37.18
"1004","Iceland",2007,36.89
"1005","Iceland",2006,36.54
"1006","Iceland",2005,36.34
"1007","Iceland",2004,36.28
"1008","Iceland",2003,36.35
"1009","Iceland",2002,36.07
"1010","Iceland",2001,35
"1011","Iceland",2000,34.52
"1012","Iceland",1998,5.67
"1013","India",2018,8.57
"1014","India",2017,7.78
"1015","India",2016,7.59
"1016","India",2014,7.25
"1017","India",2012,6.98
"1018","India",2011,7.38
"1019","India",2010,6.62
"1020","India",2009,6.22
"1021","India",2008,6.14
"1022","India",2007,5.98
"1023","India",2006,5.85
"1024","India",2005,5.76
"1025","India",2004,5.72
"1026","India",2003,5.63
"1027","India",2002,5.55
"1028","India",2001,5.37
"1029","India",2000,5.26
"1030","India",1991,12.21
"1031","Indonesia",2018,4.27
"1032","Indonesia",2017,3.77
"1033","Indonesia",2015,2.74
"1034","Indonesia",2010,1.4
"1035","Indonesia",2009,1.45
"1036","Indonesia",2003,1.34
"1037","Indonesia",1993,0.58
"1038","Iran (Islamic Republic of)",2018,15.84
"1039","Iran (Islamic Republic of)",2017,11.29
"1040","Iran (Islamic Republic of)",2015,11.53
"1041","Iran (Islamic Republic of)",2014,15.04
"1042","Iran (Islamic Republic of)",2006,5.36
"1043","Iran (Islamic Republic of)",2005,8.87
"1044","Iran (Islamic Republic of)",2004,8.82
"1045","Iraq",2018,7.08
"1046","Iraq",2017,8.38
"1047","Iraq",2016,8.54
"1048","Iraq",2014,10.36
"1049","Iraq",2010,6.64
"1050","Ireland",2018,33.13
"1051","Ireland",2017,32.95
"1052","Ireland",2016,32.32
"1053","Ireland",2015,31.5
"1054","Ireland",2014,30.29
"1055","Ireland",2013,39.31
"1056","Ireland",2012,39.42
"1057","Ireland",2011,40.94
"1058","Ireland",2010,41.33
"1059","Ireland",2009,40.39
"1060","Ireland",2008,40.14
"1061","Ireland",2007,38.99
"1062","Ireland",2006,36.64
"1063","Ireland",2005,35.43
"1064","Ireland",2004,27.45
"1065","Ireland",2003,25.8
"1066","Ireland",2002,24.17
"1067","Ireland",2001,23.86
"1068","Ireland",2000,22.3
"1069","Ireland",1999,22.7
"1070","Ireland",1998,21.97
"1071","Ireland",1997,21.37
"1072","Ireland",1996,21.06
"1073","Ireland",1995,21.05
"1074","Ireland",1994,19.98
"1075","Ireland",1993,20.33
"1076","Ireland",1992,20.1
"1077","Ireland",1991,17.04
"1078","Ireland",1990,15.52
"1079","Israel",2018,46.25
"1080","Israel",2017,34.78
"1081","Israel",2016,34.63
"1082","Israel",2015,34.62
"1083","Israel",2014,34.67
"1084","Israel",2013,34.87
"1085","Israel",2012,35.08
"1086","Israel",2011,35.18
"1087","Israel",2010,35.19
"1088","Israel",2009,35.43
"1089","Israel",2008,35.64
"1090","Israel",2007,36.29
"1091","Israel",2006,36.94
"1092","Israel",2005,37.54
"1093","Israel",2004,38.13
"1094","Israel",2003,38.51
"1095","Israel",2002,38.51
"1096","Israel",2001,38.4
"1097","Israel",2000,38.22
"1098","Israel",1999,44.05
"1099","Israel",1998,43.79
"1100","Israel",1997,43.83
"1101","Israel",1996,43.53
"1102","Israel",1995,43.36
"1103","Israel",1994,43.47
"1104","Israel",1993,43.44
"1105","Israel",1992,43.5
"1106","Israel",1991,39.47
"1107","Israel",1990,37.13
"1108","Italy",2018,39.77
"1109","Italy",2017,39.81
"1110","Italy",2016,39.5
"1111","Italy",2015,38.48
"1112","Italy",2014,39.05
"1113","Italy",2013,39.04
"1114","Italy",2012,38.51
"1115","Italy",2011,38.85
"1116","Italy",2010,38.16
"1117","Italy",2009,37.9
"1118","Italy",2008,37.81
"1119","Italy",2007,37.75
"1120","Italy",2006,36.99
"1121","Italy",2005,37.02
"1122","Italy",2004,36.81
"1123","Italy",2003,36.15
"1124","Italy",2002,35.58
"1125","Italy",2001,35.13
"1126","Italy",2000,34.59
"1127","Italy",1999,59.88
"1128","Italy",1998,59.18
"1129","Italy",1997,58.37
"1130","Italy",1996,57.35
"1131","Italy",1995,56.73
"1132","Italy",1994,55.84
"1133","Italy",1993,54.78
"1134","Italy",1992,49.89
"1135","Italy",1991,48.49
"1136","Italy",1990,46.71
"1137","Jamaica",2017,13.06
"1138","Jamaica",2016,4.55
"1139","Jamaica",2015,4.15
"1140","Jamaica",2014,3.8
"1141","Jamaica",2013,4.68
"1142","Jamaica",2012,3.54
"1143","Jamaica",2008,3.97
"1144","Jamaica",2003,8.32
"1145","Japan",2016,24.12
"1146","Japan",2014,23.41
"1147","Japan",2012,22.74
"1148","Japan",2010,22.06
"1149","Japan",2008,21.39
"1150","Japan",2006,20.75
"1151","Japan",2004,21.09
"1152","Japan",2002,20.54
"1153","Japan",2000,20.06
"1154","Japan",1998,19.56
"1155","Japan",1996,19.02
"1156","Japan",1994,18.29
"1157","Japan",1992,17.53
"1158","Japan",1990,17.01
"1159","Jordan",2017,23.24
"1160","Jordan",2016,13.95
"1161","Jordan",2015,28.08
"1162","Jordan",2014,22.04
"1163","Jordan",2013,21.95
"1164","Jordan",2010,22.33
"1165","Jordan",2009,21.29
"1166","Jordan",2008,22.23
"1167","Jordan",2007,24.43
"1168","Jordan",2006,22.91
"1169","Jordan",2005,22.39
"1170","Jordan",2004,20.43
"1171","Jordan",2003,22.77
"1172","Jordan",2002,22.03
"1173","Jordan",2001,20.37
"1174","Jordan",2000,18.69
"1175","Jordan",1999,19.25
"1176","Jordan",1998,9.89
"1177","Kazakhstan",2014,39.8
"1178","Kazakhstan",2013,39.51
"1179","Kazakhstan",2012,39.11
"1180","Kazakhstan",2011,39.48
"1181","Kazakhstan",2010,39.28
"1182","Kazakhstan",2009,37.81
"1183","Kazakhstan",2008,37.16
"1184","Kazakhstan",2007,36.55
"1185","Kazakhstan",2006,36.98
"1186","Kazakhstan",2005,36.04
"1187","Kazakhstan",2004,35.91
"1188","Kazakhstan",2003,36.17
"1189","Kazakhstan",2002,35.83
"1190","Kazakhstan",2001,34.4
"1191","Kazakhstan",2000,32.8
"1192","Kazakhstan",1999,33.66
"1193","Kazakhstan",1998,35.01
"1194","Kazakhstan",1997,33.75
"1195","Kazakhstan",1996,37.07
"1196","Kazakhstan",1995,37.96
"1197","Kazakhstan",1994,38.01
"1198","Kazakhstan",1993,39.84
"1199","Kazakhstan",1992,40.67
"1200","Kazakhstan",1991,39.4
"1201","Kazakhstan",1990,40.45
"1202","Kenya",2018,1.57
"1203","Kenya",2014,1.96
"1204","Kenya",2013,1.91
"1205","Kenya",2012,1.83
"1206","Kenya",2011,1.75
"1207","Kenya",2010,1.7
"1208","Kenya",2009,1.69
"1209","Kenya",2008,1.66
"1210","Kenya",2002,1.34
"1211","Kiribati",2013,2.04
"1212","Kiribati",2011,1.43
"1213","Kiribati",2010,3.98
"1214","Kiribati",2008,2.53
"1215","Kuwait",2015,26.46
"1216","Kuwait",2014,26.52
"1217","Kuwait",2013,25.33
"1218","Kuwait",2012,24.66
"1219","Kuwait",2011,24.56
"1220","Kuwait",2010,24.3
"1221","Kuwait",2009,18.93
"1222","Kuwait",2008,18.81
"1223","Kuwait",2007,18.81
"1224","Kuwait",2006,14.54
"1225","Kyrgyzstan",2014,22.13
"1226","Kyrgyzstan",2013,22.61
"1227","Kyrgyzstan",2012,22.62
"1228","Kyrgyzstan",2011,22.86
"1229","Kyrgyzstan",2010,23.39
"1230","Kyrgyzstan",2009,23.41
"1231","Kyrgyzstan",2008,23.53
"1232","Kyrgyzstan",2007,23.58
"1233","Kyrgyzstan",2006,24.49
"1234","Kyrgyzstan",2005,25.17
"1235","Kyrgyzstan",2004,25.61
"1236","Kyrgyzstan",2003,25.74
"1237","Kyrgyzstan",2002,25.86
"1238","Kyrgyzstan",2001,26.96
"1239","Kyrgyzstan",2000,28.04
"1240","Kyrgyzstan",1999,29.03
"1241","Kyrgyzstan",1998,29.84
"1242","Kyrgyzstan",1997,30.5
"1243","Kyrgyzstan",1996,32.32
"1244","Kyrgyzstan",1995,31.49
"1245","Kyrgyzstan",1994,30.93
"1246","Kyrgyzstan",1993,31.34
"1247","Kyrgyzstan",1992,34.12
"1248","Kyrgyzstan",1991,34.74
"1249","Kyrgyzstan",1990,34.4
"1250","Lao People's Democratic Republic",2017,3.73
"1251","Lao People's Democratic Republic",2014,4.95
"1252","Lao People's Democratic Republic",2013,4.49
"1253","Lao People's Democratic Republic",2012,1.8
"1254","Lao People's Democratic Republic",2010,7.81
"1255","Lao People's Democratic Republic",2009,1.97
"1256","Lao People's Democratic Republic",2005,2.81
"1257","Lao People's Democratic Republic",2004,3.53
"1258","Lao People's Democratic Republic",2000,2.85
"1259","Lao People's Democratic Republic",1995,3.42
"1260","Latvia",2017,31.91
"1261","Latvia",2016,31.89
"1262","Latvia",2015,31.66
"1263","Latvia",2014,31.72
"1264","Latvia",2013,31.41
"1265","Latvia",2012,30.91
"1266","Latvia",2011,30.84
"1267","Latvia",2010,30.76
"1268","Latvia",2009,31.49
"1269","Latvia",2008,32.42
"1270","Latvia",2007,31.46
"1271","Latvia",2006,30.2
"1272","Latvia",2005,29.43
"1273","Latvia",2004,35.49
"1274","Latvia",2003,34.19
"1275","Latvia",2002,33.96
"1276","Latvia",2001,32.83
"1277","Latvia",2000,34.12
"1278","Latvia",1999,33.39
"1279","Latvia",1998,32.77
"1280","Latvia",1997,34.22
"1281","Latvia",1996,34.8
"1282","Latvia",1995,33.48
"1283","Latvia",1994,34.13
"1284","Latvia",1993,36.2
"1285","Latvia",1992,40.84
"1286","Latvia",1991,46.06
"1287","Latvia",1990,46.93
"1288","Lebanon",2018,21.04
"1289","Lebanon",2017,20.26
"1290","Lebanon",2016,20.12
"1291","Lebanon",2015,21.03
"1292","Lebanon",2014,20.74
"1293","Lebanon",2013,22.49
"1294","Lebanon",2011,26.2
"1295","Lebanon",2010,23.39
"1296","Lebanon",2007,23.46
"1297","Lebanon",2006,24.71
"1298","Lebanon",2001,28.83
"1299","Lesotho",2010,0.69
"1300","Lesotho",2003,0.44
"1301","Liberia",2015,0.38
"1302","Liberia",2010,0.23
"1303","Liberia",2009,0.24
"1304","Liberia",2008,0.14
"1305","Liberia",2004,0.33
"1306","Libya",2017,20.91
"1307","Libya",2015,18.94
"1308","Libya",2014,20.58
"1309","Libya",2009,19.58
"1310","Libya",2008,18.43
"1311","Libya",2004,12.38
"1312","Libya",1997,12.45
"1313","Lithuania",2018,63.53
"1314","Lithuania",2017,48.26
"1315","Lithuania",2016,47.35
"1316","Lithuania",2015,42.99
"1317","Lithuania",2014,42.51
"1318","Lithuania",2013,42.04
"1319","Lithuania",2012,41.38
"1320","Lithuania",2011,40.24
"1321","Lithuania",2010,34.14
"1322","Lithuania",2009,34.32
"1323","Lithuania",2008,34.53
"1324","Lithuania",2007,34.54
"1325","Lithuania",2006,34.22
"1326","Lithuania",2005,32.99
"1327","Lithuania",2004,32.93
"1328","Lithuania",2003,33.1
"1329","Lithuania",2002,33.07
"1330","Lithuania",2001,32.91
"1331","Lithuania",2000,32.95
"1332","Lithuania",1999,33.12
"1333","Lithuania",1998,33.14
"1334","Lithuania",1997,33.4
"1335","Lithuania",1996,33.09
"1336","Lithuania",1995,33.16
"1337","Lithuania",1994,33.22
"1338","Lithuania",1993,32.8
"1339","Lithuania",1992,33.56
"1340","Luxembourg",2017,30.09
"1341","Luxembourg",2016,29.05
"1342","Luxembourg",2015,29.22
"1343","Luxembourg",2014,28.89
"1344","Luxembourg",2013,28.33
"1345","Luxembourg",2012,28.05
"1346","Luxembourg",2011,27.61
"1347","Luxembourg",2010,27.68
"1348","Luxembourg",2009,27.17
"1349","Luxembourg",2008,27.36
"1350","Luxembourg",2007,27.23
"1351","Luxembourg",2006,26.16
"1352","Luxembourg",2005,25.99
"1353","Madagascar",2014,1.81
"1354","Madagascar",2013,1.53
"1355","Madagascar",2012,1.43
"1356","Madagascar",2011,1.44
"1357","Madagascar",2010,1.95
"1358","Madagascar",2009,1.81
"1359","Madagascar",2008,1.86
"1360","Madagascar",2007,1.81
"1361","Madagascar",2006,1.71
"1362","Madagascar",2005,1.8
"1363","Madagascar",2004,1.56
"1364","Madagascar",2003,1.48
"1365","Madagascar",2002,1.36
"1366","Malawi",2018,0.36
"1367","Malawi",2016,0.17
"1368","Malawi",2009,0.19
"1369","Malawi",2008,0.19
"1370","Malawi",2004,0.22
"1371","Malaysia",2015,15.36
"1372","Malaysia",2012,13.32
"1373","Malaysia",2011,12.78
"1374","Malaysia",2010,11.69
"1375","Malaysia",2008,9.22
"1376","Malaysia",2002,7.03
"1377","Malaysia",2000,6.96
"1378","Maldives",2018,45.63
"1379","Maldives",2017,37.23
"1380","Maldives",2015,28.86
"1381","Maldives",2014,17.7
"1382","Maldives",2010,14.36
"1383","Maldives",2009,14.88
"1384","Maldives",2007,16.47
"1385","Maldives",2004,9.7
"1386","Maldives",1996,6.67
"1387","Maldives",1993,2.84
"1388","Maldives",1991,1.92
"1389","Mali",2018,1.29
"1390","Mali",2016,1.4
"1391","Mali",2012,1.07
"1392","Mali",2011,1.04
"1393","Mali",2010,1.02
"1394","Mali",2009,0.92
"1395","Mali",2007,0.78
"1396","Mali",2004,0.85
"1397","Malta",2015,28.6
"1398","Malta",2014,26.59
"1399","Malta",2013,24.6
"1400","Malta",2012,23.57
"1401","Malta",2011,22.38
"1402","Malta",2010,21.53
"1403","Malta",2009,19.17
"1404","Malta",2008,33.55
"1405","Malta",2003,31.28
"1406","Malta",2002,32.66
"1407","Malta",2001,30.81
"1408","Malta",2000,26.02
"1409","Malta",1998,25.41
"1410","Malta",1997,24.1
"1411","Malta",1993,24.54
"1412","Malta",1992,23.78
"1413","Malta",1991,23.97
"1414","Malta",1990,22.1
"1415","Marshall Islands",2012,4.23
"1416","Marshall Islands",2011,5.84
"1417","Marshall Islands",2010,5.67
"1418","Marshall Islands",2007,5.54
"1419","Mauritania",2018,1.87
"1420","Mauritania",2017,1.85
"1421","Mauritania",2015,1.71
"1422","Mauritania",2014,1.58
"1423","Mauritania",2010,1.57
"1424","Mauritania",2009,1.31
"1425","Mauritania",2004,1.07
"1426","Mauritius",2018,25.33
"1427","Mauritius",2017,23.15
"1428","Mauritius",2016,21.94
"1429","Mauritius",2015,20.25
"1430","Mauritius",2014,19.32
"1431","Mauritius",2013,16.3
"1432","Mauritius",2012,13.74
"1433","Mauritius",2011,14.47
"1434","Mauritius",2010,12.02
"1435","Mauritius",2009,11.86
"1436","Mauritius",2008,11.7
"1437","Mauritius",2007,11.55
"1438","Mauritius",2004,10.72
"1439","Mexico",2017,23.83
"1440","Mexico",2016,23.24
"1441","Mexico",2015,23.25
"1442","Mexico",2014,22.07
"1443","Mexico",2013,21.57
"1444","Mexico",2012,21.12
"1445","Mexico",2011,21
"1446","Mexico",2010,22.36
"1447","Mexico",2009,19.79
"1448","Mexico",2008,19.49
"1449","Mexico",2007,19.22
"1450","Mexico",2006,18.81
"1451","Mexico",2005,17.65
"1452","Mexico",2000,19.81
"1453","Micronesia (Federated States of)",2009,1.94
"1454","Micronesia (Federated States of)",2008,6.18
"1455","Micronesia (Federated States of)",2005,5.84
"1456","Micronesia (Federated States of)",2003,5.61
"1457","Micronesia (Federated States of)",2000,5.96
"1458","Monaco",2014,75.07
"1459","Monaco",2013,77.78
"1460","Monaco",2012,64.38
"1461","Monaco",2011,64.17
"1462","Monaco",1992,28.09
"1463","Mongolia",2016,28.59
"1464","Mongolia",2015,32.19
"1465","Mongolia",2014,31.63
"1466","Mongolia",2013,30.92
"1467","Mongolia",2012,30.44
"1468","Mongolia",2011,28.67
"1469","Mongolia",2010,27.56
"1470","Mongolia",2009,26.7
"1471","Mongolia",2008,28.82
"1472","Mongolia",2002,27.55
"1473","Montenegro",2018,27.56
"1474","Montenegro",2015,23.76
"1475","Montenegro",2014,21.86
"1476","Montenegro",2013,21.52
"1477","Montenegro",2012,20.39
"1478","Montenegro",2011,20.13
"1479","Montenegro",2010,20.44
"1480","Montenegro",2009,21.03
"1481","Montenegro",2008,21.12
"1482","Montenegro",2007,19.9
"1483","Montenegro",2006,19.92
"1484","Montenegro",2005,19.52
"1485","Montenegro",2004,19.36
"1486","Montenegro",2003,18.55
"1487","Montenegro",2002,19.01
"1488","Montenegro",2001,19.13
"1489","Montenegro",2000,18.84
"1490","Montenegro",1999,18.58
"1491","Morocco",2017,7.31
"1492","Morocco",2014,9.14
"1493","Morocco",2013,6.32
"1494","Morocco",2009,6.48
"1495","Morocco",2007,5.86
"1496","Morocco",2004,5.31
"1497","Mozambique",2018,0.84
"1498","Mozambique",2017,0.76
"1499","Mozambique",2016,0.5
"1500","Mozambique",2015,0.41
"1501","Mozambique",2013,0.57
"1502","Mozambique",2012,0.55
"1503","Mozambique",2011,0.52
"1504","Mozambique",2010,0.49
"1505","Mozambique",2009,0.46
"1506","Mozambique",2006,0.26
"1507","Mozambique",2004,0.26
"1508","Myanmar",2018,6.77
"1509","Myanmar",2017,8.64
"1510","Myanmar",2016,6.2
"1511","Myanmar",2012,5.8
"1512","Myanmar",2011,5.51
"1513","Myanmar",2010,5.22
"1514","Myanmar",2009,4.88
"1515","Myanmar",2008,4.75
"1516","Myanmar",2007,4.39
"1517","Myanmar",2006,4.16
"1518","Myanmar",2005,3.8
"1519","Myanmar",2004,3.66
"1520","Namibia",2018,4.18
"1521","Namibia",2017,5.91
"1522","Namibia",2007,3.86
"1523","Namibia",2004,3.14
"1524","Nauru",2015,13.46
"1525","Nauru",2011,13.86
"1526","Nauru",2010,11
"1527","Nauru",2009,10.1
"1528","Nauru",2008,10.1
"1529","Nauru",2004,10.1
"1530","Nauru",1995,15.09
"1531","Nepal",2018,7.49
"1532","Nepal",2017,9.1
"1533","Nepal",2013,5.64
"1534","Nepal",2012,5.16
"1535","Nepal",2004,2.12
"1536","Netherlands",2017,36.05
"1537","Netherlands",2016,35.47
"1538","Netherlands",2015,34.92
"1539","Netherlands",2014,33.47
"1540","Netherlands",2013,33.06
"1541","Netherlands",2012,32.46
"1542","Netherlands",2011,31.24
"1543","Netherlands",2010,29.52
"1544","Netherlands",2009,29.06
"1545","Netherlands",2008,28.49
"1546","Netherlands",2007,27.72
"1547","Netherlands",2006,27.79
"1548","Netherlands",2005,27
"1549","Netherlands",2004,26.47
"1550","Netherlands",2003,26.2
"1551","Netherlands",2002,25.82
"1552","Netherlands",2001,25.19
"1553","Netherlands",2000,24.43
"1554","Netherlands",1999,23.77
"1555","Netherlands",1990,25.03
"1556","New Zealand",2018,35.9
"1557","New Zealand",2017,34.73
"1558","New Zealand",2016,33.83
"1559","New Zealand",2015,32.96
"1560","New Zealand",2014,32.37
"1561","New Zealand",2013,32.3
"1562","New Zealand",2012,31.96
"1563","New Zealand",2011,31.73
"1564","New Zealand",2010,30.66
"1565","New Zealand",2009,30.48
"1566","New Zealand",2008,29.79
"1567","New Zealand",2007,29.1
"1568","New Zealand",2006,28.4
"1569","New Zealand",2005,27.94
"1570","New Zealand",2002,20.67
"1571","New Zealand",2001,23.1
"1572","Nicaragua",2018,9.78
"1573","Nicaragua",2017,9.9
"1574","Nicaragua",2016,9.54
"1575","Nicaragua",2015,9.31
"1576","Nicaragua",2014,8.95
"1577","Nicaragua",2013,8.98
"1578","Nicaragua",2012,8.61
"1579","Nicaragua",2011,8.14
"1580","Nicaragua",2010,7.28
"1581","Nicaragua",2009,7.03
"1582","Nicaragua",2008,6.49
"1583","Nicaragua",2007,5.27
"1584","Nicaragua",2006,4.92
"1585","Nicaragua",2005,5
"1586","Nicaragua",2003,3.86
"1587","Niger",2016,0.43
"1588","Niger",2015,0.47
"1589","Niger",2014,0.27
"1590","Niger",2013,0.51
"1591","Niger",2009,0.28
"1592","Niger",2008,0.19
"1593","Niger",2004,0.23
"1594","Nigeria",2018,3.81
"1595","Nigeria",2016,4.49
"1596","Nigeria",2013,3.83
"1597","Nigeria",2009,3.78
"1598","Nigeria",2008,3.76
"1599","Nigeria",2007,3.78
"1600","Nigeria",2006,3.48
"1601","Nigeria",2005,2.82
"1602","Nigeria",2003,2.65
"1603","Niue",2008,18.75
"1604","Niue",2006,23.53
"1605","Niue",2004,23.53
"1606","Niue",2003,23.53
"1607","Niue",1996,14.29
"1608","Norway",2018,29.16
"1609","Norway",2017,28.34
"1610","Norway",2016,26.98
"1611","Norway",2015,26.47
"1612","Norway",2014,26.83
"1613","Norway",2013,25.99
"1614","Norway",2012,25.53
"1615","Norway",2011,25.44
"1616","Norway",2010,24.95
"1617","Norway",2009,24.76
"1618","Norway",2008,24.08
"1619","Norway",2007,24.07
"1620","Norway",2006,23.6
"1621","Norway",2005,22.96
"1622","Norway",2004,22.12
"1623","Norway",2003,21.02
"1624","Norway",2002,20.55
"1625","Norway",1998,5.29
"1626","Norway",1993,3.76
"1627","Oman",2018,20.03
"1628","Oman",2017,19.57
"1629","Oman",2016,19.25
"1630","Oman",2015,20.89
"1631","Oman",2014,21.48
"1632","Oman",2013,20.38
"1633","Oman",2012,20.17
"1634","Oman",2011,19.46
"1635","Oman",2010,19.27
"1636","Oman",2009,19.34
"1637","Oman",2008,18.88
"1638","Oman",2007,18.47
"1639","Oman",2006,17.74
"1640","Oman",2005,16.65
"1641","Oman",2004,15.83
"1642","Oman",2000,14.37
"1643","Oman",1999,9.64
"1644","Oman",1998,9.32
"1645","Oman",1997,8.54
"1646","Oman",1995,11.24
"1647","Oman",1990,7.95
"1648","Pakistan",2018,9.8
"1649","Pakistan",2017,10.01
"1650","Pakistan",2016,9.62
"1651","Pakistan",2015,9.26
"1652","Pakistan",2014,8.97
"1653","Pakistan",2013,8.77
"1654","Pakistan",2012,8.59
"1655","Pakistan",2011,8.31
"1656","Pakistan",2010,8.08
"1657","Pakistan",2009,7.95
"1658","Pakistan",2008,7.81
"1659","Pakistan",2007,7.62
"1660","Pakistan",2005,7.88
"1661","Pakistan",2004,7.42
"1662","Pakistan",2001,6.59
"1663","Pakistan",2000,6.45
"1664","Pakistan",1999,6.28
"1665","Pakistan",1998,6.13
"1666","Pakistan",1997,5.99
"1667","Pakistan",1996,5.83
"1668","Pakistan",1995,5.63
"1669","Pakistan",1994,5.5
"1670","Pakistan",1993,5.38
"1671","Pakistan",1992,5.27
"1672","Palau",2014,14.21
"1673","Palau",2010,16.11
"1674","Palau",2009,15.85
"1675","Palau",2006,13.33
"1676","Palau",1998,14.13
"1677","Panama",2016,15.69
"1678","Panama",2013,15.82
"1679","Panama",2012,15.98
"1680","Panama",2011,14.98
"1681","Panama",2010,14.06
"1682","Panama",2009,13.09
"1683","Panama",2008,13.81
"1684","Panama",2007,13.03
"1685","Panama",2006,13.49
"1686","Panama",2005,13.48
"1687","Panama",2004,13.22
"1688","Panama",2003,13.4
"1689","Panama",2002,13.35
"1690","Panama",2001,12.44
"1691","Panama",1999,12.33
"1692","Panama",1998,11.93
"1693","Panama",1997,12.03
"1694","Panama",1996,12.06
"1695","Panama",1995,11.67
"1696","Panama",1994,11.26
"1697","Panama",1993,11.78
"1698","Panama",1992,11.44
"1699","Panama",1991,11.22
"1700","Panama",1990,11.13
"1701","Papua New Guinea",2018,0.7
"1702","Papua New Guinea",2010,0.51
"1703","Papua New Guinea",2008,0.48
"1704","Papua New Guinea",2000,0.47
"1705","Paraguay",2018,13.54
"1706","Paraguay",2012,12.77
"1707","Paraguay",2002,11.49
"1708","Peru",2016,13.05
"1709","Peru",2012,11.41
"1710","Peru",2009,9.47
"1711","Peru",2007,16.65
"1712","Peru",1999,11.43
"1713","Philippines",2017,6
"1714","Philippines",2010,12.72
"1715","Philippines",2009,12.63
"1716","Philippines",2008,12.56
"1717","Philippines",2007,12.44
"1718","Philippines",2006,12.36
"1719","Philippines",2005,12.29
"1720","Philippines",2004,11.08
"1721","Philippines",2003,12.26
"1722","Philippines",2002,11.11
"1723","Philippines",2001,12.2
"1724","Philippines",2000,12.19
"1725","Poland",2017,23.79
"1726","Poland",2016,24.15
"1727","Poland",2015,23.25
"1728","Poland",2014,23.02
"1729","Poland",2013,22.34
"1730","Poland",2012,22.24
"1731","Poland",2011,22
"1732","Poland",2010,21.71
"1733","Poland",2009,21.59
"1734","Poland",2008,21.48
"1735","Poland",2007,21.78
"1736","Poland",2006,21.67
"1737","Poland",2005,21.27
"1738","Poland",2004,22.77
"1739","Poland",2003,24.19
"1740","Poland",2002,22.88
"1741","Poland",2001,22.5
"1742","Poland",2000,22.05
"1743","Poland",1999,22.69
"1744","Poland",1998,23.36
"1745","Poland",1997,23.64
"1746","Poland",1996,23.59
"1747","Poland",1995,23.25
"1748","Poland",1994,22.85
"1749","Poland",1993,22.29
"1750","Poland",1992,21.92
"1751","Poland",1991,21.78
"1752","Poland",1990,21.51
"1753","Portugal",2017,51.24
"1754","Portugal",2016,49.4
"1755","Portugal",2015,47.49
"1756","Portugal",2014,45.57
"1757","Portugal",2013,43.93
"1758","Portugal",2012,42.36
"1759","Portugal",2011,41.18
"1760","Portugal",2010,39.76
"1761","Portugal",2009,38.48
"1762","Portugal",2008,37.41
"1763","Portugal",2007,36.48
"1764","Portugal",2006,35.65
"1765","Portugal",2005,35
"1766","Portugal",2004,34.21
"1767","Portugal",2003,33.5
"1768","Portugal",2002,33
"1769","Portugal",2001,32.62
"1770","Portugal",2000,32.03
"1771","Portugal",1999,31.15
"1772","Portugal",1998,30.89
"1773","Portugal",1997,30.3
"1774","Portugal",1996,29.88
"1775","Portugal",1995,29.12
"1776","Portugal",1994,28.82
"1777","Portugal",1993,28.7
"1778","Portugal",1992,28.67
"1779","Portugal",1991,28.58
"1780","Portugal",1990,28.31
"1781","Qatar",2018,24.85
"1782","Qatar",2016,26.94
"1783","Qatar",2014,17.35
"1784","Qatar",2010,37.27
"1785","Qatar",2009,30.98
"1786","Qatar",2008,32.09
"1787","Qatar",2006,22.62
"1788","Qatar",2005,24.84
"1789","Republic of Korea",2017,23.61
"1790","Republic of Korea",2016,23.04
"1791","Republic of Korea",2015,22.49
"1792","Republic of Korea",2014,22.07
"1793","Republic of Korea",2013,21.63
"1794","Republic of Korea",2012,20.8
"1795","Republic of Korea",2011,20.36
"1796","Republic of Korea",2010,19.84
"1797","Republic of Korea",2009,19.19
"1798","Republic of Korea",2008,18.41
"1799","Republic of Korea",2007,18.66
"1800","Republic of Korea",2006,18.05
"1801","Republic of Korea",2005,17.53
"1802","Republic of Korea",2004,16.91
"1803","Republic of Moldova",2017,32.07
"1804","Republic of Moldova",2015,24.84
"1805","Republic of Moldova",2014,24.75
"1806","Republic of Moldova",2013,25.03
"1807","Republic of Moldova",2012,24.14
"1808","Republic of Moldova",2011,24.14
"1809","Republic of Moldova",2010,23.81
"1810","Republic of Moldova",2009,23.91
"1811","Republic of Moldova",2008,23.55
"1812","Republic of Moldova",2007,23.87
"1813","Republic of Moldova",2006,23.77
"1814","Republic of Moldova",2005,23.78
"1815","Republic of Moldova",2004,21.81
"1816","Republic of Moldova",2003,22.82
"1817","Republic of Moldova",2002,23.1
"1818","Republic of Moldova",2001,22.93
"1819","Republic of Moldova",2000,24.55
"1820","Republic of Moldova",1998,36.66
"1821","Republic of Moldova",1997,36.02
"1822","Republic of Moldova",1996,35.69
"1823","Republic of Moldova",1995,35.12
"1824","Republic of Moldova",1994,35.56
"1825","Republic of Moldova",1993,35.37
"1826","Republic of Moldova",1992,34.89
"1827","Republic of Moldova",1991,34.72
"1828","Republic of Moldova",1990,35.47
"1829","The former Yugoslav Republic of Macedonia",2015,28.74
"1830","The former Yugoslav Republic of Macedonia",2013,27.96
"1831","The former Yugoslav Republic of Macedonia",2012,27.74
"1832","The former Yugoslav Republic of Macedonia",2011,27.26
"1833","The former Yugoslav Republic of Macedonia",2010,26.76
"1834","The former Yugoslav Republic of Macedonia",2009,25.93
"1835","The former Yugoslav Republic of Macedonia",2008,25.95
"1836","The former Yugoslav Republic of Macedonia",2007,24.46
"1837","The former Yugoslav Republic of Macedonia",2006,25.14
"1838","The former Yugoslav Republic of Macedonia",2005,21.32
"1839","The former Yugoslav Republic of Macedonia",2004,21.83
"1840","The former Yugoslav Republic of Macedonia",2003,21.66
"1841","The former Yugoslav Republic of Macedonia",2002,22.32
"1842","The former Yugoslav Republic of Macedonia",2001,21.83
"1843","The former Yugoslav Republic of Macedonia",2000,21.89
"1844","The former Yugoslav Republic of Macedonia",1999,21.78
"1845","The former Yugoslav Republic of Macedonia",1998,22.4
"1846","The former Yugoslav Republic of Macedonia",1997,22.46
"1847","The former Yugoslav Republic of Macedonia",1996,22.32
"1848","The former Yugoslav Republic of Macedonia",1995,22.71
"1849","The former Yugoslav Republic of Macedonia",1994,21.94
"1850","The former Yugoslav Republic of Macedonia",1993,21.99
"1851","The former Yugoslav Republic of Macedonia",1992,22.95
"1852","The former Yugoslav Republic of Macedonia",1991,22.51
"1853","The former Yugoslav Republic of Macedonia",1990,22.02
"1854","Romania",2017,29.81
"1855","Romania",2016,22.57
"1856","Romania",2013,26.24
"1857","Romania",2012,25.89
"1858","Romania",2011,25.15
"1859","Romania",2010,24.8
"1860","Romania",2009,24.41
"1861","Romania",2008,24.13
"1862","Romania",2007,22.92
"1863","Romania",2006,22.1
"1864","Romania",2005,22.13
"1865","Romania",2004,22.31
"1866","Romania",2002,20.96
"1867","Romania",2001,19.82
"1868","Romania",2000,19.53
"1869","Romania",1998,18.39
"1870","Romania",1994,17.35
"1871","Russian Federation",2015,37.49
"1872","Russian Federation",2014,40.11
"1873","Russian Federation",2013,40.71
"1874","Russian Federation",2012,41.3
"1875","Russian Federation",2010,23.93
"1876","Russian Federation",2009,23.92
"1877","Russian Federation",2008,23.81
"1878","Russian Federation",2007,23.84
"1879","Russian Federation",2006,23.72
"1880","Russian Federation",2005,23.2
"1881","Russian Federation",2004,23.1
"1882","Russian Federation",2003,23.16
"1883","Russian Federation",2002,23.19
"1884","Russian Federation",2001,22.96
"1885","Russian Federation",2000,23.23
"1886","Russian Federation",1999,23.74
"1887","Russian Federation",1998,23.7
"1888","Russian Federation",1997,23.45
"1889","Russian Federation",1996,23.37
"1890","Russian Federation",1995,23.05
"1891","Russian Federation",1994,22.66
"1892","Russian Federation",1993,22.57
"1893","Russian Federation",1992,22.52
"1894","Russian Federation",1991,42.72
"1895","Russian Federation",1990,45.23
"1896","Rwanda",2018,1.34
"1897","Rwanda",2017,1.37
"1898","Rwanda",2016,1.23
"1899","Rwanda",2015,1.13
"1900","Rwanda",2014,0.91
"1901","Rwanda",2013,1.02
"1902","Rwanda",2011,0.13
"1903","Saint Kitts and Nevis",2015,26.76
"1904","Saint Kitts and Nevis",2001,10.99
"1905","Saint Kitts and Nevis",1999,10.55
"1906","Saint Kitts and Nevis",1998,10.65
"1907","Saint Kitts and Nevis",1997,11.19
"1908","Saint Kitts and Nevis",1996,11.29
"1909","Saint Kitts and Nevis",1995,10.93
"1910","Saint Kitts and Nevis",1994,9.38
"1911","Saint Kitts and Nevis",1993,7.79
"1912","Saint Kitts and Nevis",1992,7.62
"1913","Saint Kitts and Nevis",1991,6.93
"1914","Saint Kitts and Nevis",1990,6.95
"1915","Saint Lucia",2017,6.41
"1916","Saint Lucia",2014,26.81
"1917","Saint Lucia",2013,24.39
"1918","Saint Lucia",2012,21.39
"1919","Saint Lucia",2011,18.06
"1920","Saint Lucia",2010,16.49
"1921","Saint Lucia",2009,1.05
"1922","Saint Lucia",2008,1.59
"1923","Saint Lucia",2007,1.85
"1924","Saint Lucia",2005,5.08
"1925","Saint Lucia",2004,4.2
"1926","Saint Lucia",2003,4.67
"1927","Saint Lucia",2002,4.39
"1928","Saint Vincent and the Grenadines",2010,6.65
"1929","Saint Vincent and the Grenadines",2004,9.31
"1930","Saint Vincent and the Grenadines",2001,5.75
"1931","Saint Vincent and the Grenadines",2000,8.26
"1932","Saint Vincent and the Grenadines",1997,9.36
"1933","Samoa",2016,3.45
"1934","Samoa",2013,4.82
"1935","Samoa",2012,3.81
"1936","Samoa",2010,3.44
"1937","Samoa",2008,4.64
"1938","Samoa",2005,2.78
"1939","Samoa",2003,2.82
"1940","Samoa",1999,6.91
"1941","San Marino",2014,61.09
"1942","San Marino",2013,50.31
"1943","San Marino",2012,51.09
"1944","San Marino",2011,48.9
"1945","Sao Tome and Principe",2017,0.53
"1946","Sao Tome and Principe",2015,3.16
"1947","Sao Tome and Principe",2004,5.27
"1948","Saudi Arabia",2018,26.12
"1949","Saudi Arabia",2017,25.37
"1950","Saudi Arabia",2016,23.78
"1951","Saudi Arabia",2014,25.65
"1952","Saudi Arabia",2012,24.53
"1953","Saudi Arabia",2011,24.61
"1954","Saudi Arabia",2010,24.07
"1955","Saudi Arabia",2009,20.76
"1956","Saudi Arabia",2008,20.63
"1957","Saudi Arabia",2001,6.82
"1958","Saudi Arabia",2000,7.24
"1959","Senegal",2017,0.69
"1960","Senegal",2016,0.71
"1961","Senegal",2015,2.07
"1962","Senegal",2013,3.18
"1963","Senegal",2008,0.62
"1964","Senegal",2004,0.55
"1965","Serbia",2016,31.13
"1966","Serbia",2015,24.6
"1967","Serbia",2014,24.61
"1968","Serbia",2013,24.95
"1969","Serbia",2012,24.96
"1970","Serbia",2011,25
"1971","Serbia",2010,24.82
"1972","Serbia",2009,24.47
"1973","Serbia",2008,24.22
"1974","Serbia",2007,23.45
"1975","Serbia",2006,22.86
"1976","Serbia",2005,22.61
"1977","Serbia",2004,22.69
"1978","Serbia",2003,22.11
"1979","Seychelles",2016,21.21
"1980","Seychelles",2012,10.04
"1981","Seychelles",2011,11.64
"1982","Seychelles",2010,10.95
"1983","Seychelles",2009,11.34
"1984","Seychelles",2008,7.74
"1985","Seychelles",2007,10.1
"1986","Seychelles",2006,8.38
"1987","Seychelles",2005,11.73
"1988","Seychelles",2004,13.84
"1989","Sierra Leone",2011,0.25
"1990","Sierra Leone",2010,0.21
"1991","Sierra Leone",2008,0.16
"1992","Sierra Leone",2004,0.31
"1993","Singapore",2016,22.94
"1994","Singapore",2014,20.13
"1995","Singapore",2013,18.96
"1996","Singapore",2012,17.96
"1997","Singapore",2011,17.23
"1998","Singapore",2010,17.19
"1999","Singapore",2009,16.76
"2000","Singapore",2008,16.42
"2001","Singapore",2007,16.13
"2002","Singapore",2006,15.74
"2003","Singapore",2005,15.82
"2004","Singapore",2004,15.54
"2005","Singapore",2003,15.45
"2006","Singapore",2001,14.1
"2007","Singapore",1999,13.47
"2008","Slovakia",2017,34.16
"2009","Slovakia",2016,34.66
"2010","Slovakia",2015,34.44
"2011","Slovakia",2014,34.21
"2012","Slovakia",2013,33.86
"2013","Slovakia",2012,33.6
"2014","Slovakia",2011,33
"2015","Slovakia",2010,33.51
"2016","Slovakia",2009,32.95
"2017","Slovakia",2008,33.56
"2018","Slovakia",2007,33.75
"2019","Slovakia",2006,31.56
"2020","Slovakia",2005,30.22
"2021","Slovakia",2004,33.06
"2022","Slovakia",2003,32.71
"2023","Slovakia",2002,33.12
"2024","Slovakia",2001,33.37
"2025","Slovakia",2000,33.48
"2026","Slovakia",1999,33.19
"2027","Slovenia",2017,30.86
"2028","Slovenia",2016,30.01
"2029","Slovenia",2015,28.15
"2030","Slovenia",2014,27.63
"2031","Slovenia",2013,26.25
"2032","Slovenia",2012,25.41
"2033","Slovenia",2011,24.97
"2034","Slovenia",2010,24.37
"2035","Slovenia",2009,24.17
"2036","Slovenia",2008,23.99
"2037","Slovenia",2007,23.93
"2038","Slovenia",2006,23.67
"2039","Slovenia",2005,23.52
"2040","Slovenia",2004,23.06
"2041","Slovenia",2003,22.56
"2042","Slovenia",2002,22.34
"2043","Slovenia",2001,21.76
"2044","Slovenia",2000,21.53
"2045","Slovenia",1998,21.81
"2046","Solomon Islands",2016,1.94
"2047","Solomon Islands",2013,1.87
"2048","Solomon Islands",2012,1.55
"2049","Solomon Islands",2011,2.01
"2050","Solomon Islands",2008,1.77
"2051","Solomon Islands",2005,1.89
"2052","Solomon Islands",2003,1.34
"2053","Solomon Islands",1999,1.35
"2054","Somalia",2014,0.23
"2055","Somalia",2006,0.28
"2056","South Africa",2017,9.05
"2057","South Africa",2016,8
"2058","South Africa",2015,7.81
"2059","South Africa",2014,7.54
"2060","South Africa",2013,7.42
"2061","South Africa",2011,7.18
"2062","South Africa",2010,7.34
"2063","South Africa",2009,7.07
"2064","South Africa",2008,6.97
"2065","South Africa",2007,6.99
"2066","South Africa",2004,7.37
"2067","Spain",2017,38.72
"2068","Spain",2016,38.11
"2069","Spain",2015,32.17
"2070","Spain",2014,31.66
"2071","Spain",2013,31.43
"2072","Spain",2012,31.4
"2073","Spain",2011,30.47
"2074","Spain",2010,30.29
"2075","Spain",2009,30.4
"2076","Spain",2008,29.85
"2077","Spain",2007,28.75
"2078","Spain",2006,28.21
"2079","Spain",2005,27.61
"2080","Spain",2004,34.14
"2081","Spain",2003,31.93
"2082","Spain",2002,30.93
"2083","Spain",2001,31
"2084","Spain",2000,31.16
"2085","Spain",1999,30.45
"2086","Spain",1998,29.24
"2087","Spain",1997,28.69
"2088","Spain",1996,27.46
"2089","Spain",1995,40.88
"2090","Spain",1994,40.87
"2091","Spain",1993,40.29
"2092","Spain",1992,39.61
"2093","Spain",1991,39.01
"2094","Spain",1990,20.31
"2095","Sri Lanka",2018,10.04
"2096","Sri Lanka",2017,9.28
"2097","Sri Lanka",2016,8.93
"2098","Sri Lanka",2015,8.62
"2099","Sri Lanka",2014,8.36
"2100","Sri Lanka",2013,7.98
"2101","Sri Lanka",2012,7.65
"2102","Sri Lanka",2011,7.39
"2103","Sri Lanka",2010,7.24
"2104","Sri Lanka",2009,6.83
"2105","Sri Lanka",2008,6.24
"2106","Sri Lanka",2007,5.56
"2107","Sri Lanka",2006,5.22
"2108","Sri Lanka",2005,5.22
"2109","Sri Lanka",2004,5.41
"2110","Sri Lanka",2001,4.43
"2111","Sri Lanka",2000,4.24
"2112","Sri Lanka",1999,3.75
"2113","Sri Lanka",1998,3.46
"2114","Sri Lanka",1997,3.05
"2115","Sri Lanka",1996,2.79
"2116","Sri Lanka",1995,2.22
"2117","Sri Lanka",1994,1.85
"2118","Sri Lanka",1993,2.07
"2119","Sri Lanka",1992,1.65
"2120","Sri Lanka",1991,1.39
"2121","Sudan",2017,2.62
"2122","Sudan",2015,4.07
"2123","Sudan",2014,1.9
"2124","Sudan (until 2011)",2008,3.27
"2125","Sudan (until 2011)",2007,3.5
"2126","Sudan (until 2011)",2006,3.5
"2127","Sudan (until 2011)",2004,2.5
"2128","Suriname",2018,12.1
"2129","Suriname",2017,11.85
"2130","Suriname",2016,11.31
"2131","Suriname",2015,10.46
"2132","Suriname",2009,7.05
"2133","Suriname",2004,8.1
"2134","Suriname",2000,4.06
"2135","Sweden",2016,39.84
"2136","Sweden",2015,42.86
"2137","Sweden",2014,42.04
"2138","Sweden",2013,41.26
"2139","Sweden",2012,40.37
"2140","Sweden",2011,39.57
"2141","Sweden",2010,38.78
"2142","Sweden",2009,38.07
"2143","Sweden",2008,37.35
"2144","Sweden",2007,36.76
"2145","Sweden",2006,35.96
"2146","Sweden",2005,35.11
"2147","Sweden",2004,34.38
"2148","Sweden",2003,33.51
"2149","Sweden",2002,32.8
"2150","Sweden",2001,31.77
"2151","Sweden",2000,30.73
"2152","Sweden",1999,30.05
"2153","Sweden",1998,29.57
"2154","Sweden",1997,28.87
"2155","Sweden",1996,28.72
"2156","Sweden",1995,28.47
"2157","Switzerland",2017,42.96
"2158","Switzerland",2016,42.47
"2159","Switzerland",2015,41.9
"2160","Switzerland",2014,41.17
"2161","Switzerland",2013,40.3
"2162","Switzerland",2012,39.1
"2163","Switzerland",2011,38.36
"2164","Switzerland",2010,38.17
"2165","Switzerland",2009,38.48
"2166","Switzerland",2008,38.3
"2167","Switzerland",2007,38.52
"2168","Switzerland",2006,38.59
"2169","Switzerland",2005,38.21
"2170","Switzerland",2004,37.88
"2171","Switzerland",2003,37.52
"2172","Switzerland",2002,35.9
"2173","Switzerland",2001,35.37
"2174","Switzerland",2000,35.3
"2175","Switzerland",1996,32.28
"2176","Syrian Arab Republic",2016,12.87
"2177","Syrian Arab Republic",2014,15.51
"2178","Syrian Arab Republic",2010,14.6
"2179","Syrian Arab Republic",2009,14.11
"2180","Syrian Arab Republic",2008,14.86
"2181","Syrian Arab Republic",2007,14.88
"2182","Syrian Arab Republic",2005,15.38
"2183","Syrian Arab Republic",2004,14.52
"2184","Syrian Arab Republic",2003,14.05
"2185","Syrian Arab Republic",2002,14.68
"2186","Syrian Arab Republic",2000,13.65
"2187","Syrian Arab Republic",1999,13.36
"2188","Syrian Arab Republic",1998,13.39
"2189","Syrian Arab Republic",1997,12.97
"2190","Tajikistan",2014,21.03
"2191","Tajikistan",2013,28.69
"2192","Tajikistan",2012,28.77
"2193","Tajikistan",2011,17.21
"2194","Tajikistan",2010,16.98
"2195","Tajikistan",2009,16.44
"2196","Tajikistan",2008,19.29
"2197","Tajikistan",2007,18.96
"2198","Tajikistan",2006,19.17
"2199","Tajikistan",2005,19.55
"2200","Tajikistan",2004,19.51
"2201","Tajikistan",2003,19.4
"2202","Tajikistan",2002,20.41
"2203","Tajikistan",2001,21.24
"2204","Tajikistan",2000,21.72
"2205","Tajikistan",1999,21.19
"2206","Tajikistan",1998,20.82
"2207","Tajikistan",1997,19.83
"2208","Tajikistan",1996,20.45
"2209","Tajikistan",1995,21
"2210","Tajikistan",1994,22.25
"2211","Tajikistan",1993,21.69
"2212","Tajikistan",1992,23.76
"2213","Tajikistan",1991,26.22
"2214","Tajikistan",1990,25.6
"2215","Thailand",2018,8.05
"2216","Thailand",2017,8.08
"2217","Thailand",2016,4.45
"2218","Thailand",2015,4.65
"2219","Thailand",2010,3.91
"2220","Thailand",2009,3.39
"2221","Thailand",2008,3.16
"2222","Thailand",2007,2.96
"2223","Thailand",2006,2.88
"2224","Thailand",2004,2.91
"2225","Thailand",2002,2.96
"2226","Thailand",2001,2.98
"2227","Thailand",1999,2.91
"2228","Thailand",1998,2.92
"2229","Thailand",1997,2.72
"2230","Thailand",1995,2.39
"2231","Thailand",1993,2.34
"2232","Thailand",1991,2.24
"2233","Timor-Leste",2018,7.22
"2234","Timor-Leste",2017,7.5
"2235","Timor-Leste",2015,6.95
"2236","Timor-Leste",2014,6.82
"2237","Timor-Leste",2013,6.17
"2238","Togo",2018,0.77
"2239","Togo",2017,0.3
"2240","Togo",2016,0.13
"2241","Togo",2015,0.49
"2242","Togo",2010,2.55
"2243","Togo",2008,0.57
"2244","Togo",2007,0.49
"2245","Togo",2004,0.45
"2246","Tonga",2013,5.4
"2247","Tonga",2010,5.58
"2248","Tonga",2009,5.97
"2249","Tonga",2008,5.51
"2250","Tonga",2002,3.03
"2251","Tonga",2001,3.55
"2252","Trinidad and Tobago",2018,41.68
"2253","Trinidad and Tobago",2017,33.65
"2254","Trinidad and Tobago",2015,26.5
"2255","Trinidad and Tobago",2011,18.19
"2256","Trinidad and Tobago",2010,18.09
"2257","Trinidad and Tobago",2009,15.08
"2258","Trinidad and Tobago",2007,11.79
"2259","Trinidad and Tobago",2006,12.22
"2260","Trinidad and Tobago",2003,8.09
"2261","Trinidad and Tobago",2002,8.25
"2262","Trinidad and Tobago",2001,9.7
"2263","Trinidad and Tobago",2000,10.06
"2264","Trinidad and Tobago",1999,9.27
"2265","Trinidad and Tobago",1998,9.39
"2266","Trinidad and Tobago",1997,7.53
"2267","Trinidad and Tobago",1996,7.61
"2268","Trinidad and Tobago",1995,9.43
"2269","Tunisia",2017,13.03
"2270","Tunisia",2016,12.83
"2271","Tunisia",2015,13.11
"2272","Tunisia",2014,12.77
"2273","Tunisia",2010,12.22
"2274","Tunisia",2008,11.07
"2275","Tunisia",2007,10.24
"2276","Tunisia",2005,9.32
"2277","Tunisia",2004,13.3
"2278","Tunisia",2003,8.23
"2279","Tunisia",2002,8.07
"2280","Tunisia",2001,7.93
"2281","Tunisia",2000,7.67
"2282","Tunisia",1999,7.44
"2283","Tunisia",1998,7.17
"2284","Tunisia",1997,6.88
"2285","Tunisia",1996,6.67
"2286","Tunisia",1995,6.54
"2287","Tunisia",1994,5.96
"2288","Tunisia",1993,5.98
"2289","Tunisia",1992,5.92
"2290","Tunisia",1991,5.34
"2291","Tunisia",1990,5.37
"2292","Turkey",2017,18.49
"2293","Turkey",2016,18.14
"2294","Turkey",2015,17.99
"2295","Turkey",2014,17.56
"2296","Turkey",2013,17.62
"2297","Turkey",2012,17.38
"2298","Turkey",2011,17.16
"2299","Turkey",2010,17.07
"2300","Turkey",2009,16.64
"2301","Turkey",2008,16.07
"2302","Turkey",2007,15.58
"2303","Turkey",2006,15.2
"2304","Turkey",2005,14.85
"2305","Turkey",2004,14.49
"2306","Turkey",2003,14.29
"2307","Turkey",2002,14.11
"2308","Turkey",2001,13.99
"2309","Turkey",2000,13.48
"2310","Turkey",1999,12.79
"2311","Turkey",1998,12.24
"2312","Turkey",1997,11.85
"2313","Turkey",1996,11.63
"2314","Turkey",1995,11.6
"2315","Turkey",1994,11.44
"2316","Turkey",1993,10.78
"2317","Turkey",1992,10.22
"2318","Turkey",1991,9.94
"2319","Turkey",1990,9.39
"2320","Turkmenistan",2014,22.25
"2321","Turkmenistan",2013,22.13
"2322","Turkmenistan",2012,22.38
"2323","Turkmenistan",2011,22.84
"2324","Turkmenistan",2010,22.74
"2325","Turkmenistan",2009,22.91
"2326","Turkmenistan",2008,23.03
"2327","Turkmenistan",2007,23.41
"2328","Turkmenistan",2006,23.92
"2329","Turkmenistan",2005,25.04
"2330","Turkmenistan",2004,26.13
"2331","Turkmenistan",2003,26.65
"2332","Turkmenistan",2002,70.95
"2333","Turkmenistan",2001,27.68
"2334","Turkmenistan",2000,27.48
"2335","Tuvalu",2014,9.11
"2336","Tuvalu",2009,11.52
"2337","Tuvalu",2008,9.7
"2338","Tuvalu",2003,10.28
"2339","Tuvalu",2002,6.26
"2340","Uganda",2017,1.68
"2341","Uganda",2015,0.95
"2342","Uganda",2012,0.98
"2343","Uganda",2005,1.21
"2344","Uganda",2004,0.82
"2345","Ukraine",2014,29.92
"2346","Ukraine",2013,34.97
"2347","Ukraine",2012,34.91
"2348","Ukraine",2011,34.84
"2349","Ukraine",2010,34.83
"2350","Ukraine",2009,34.9
"2351","Ukraine",2008,31.18
"2352","Ukraine",2007,30.89
"2353","Ukraine",2006,30.84
"2354","Ukraine",2005,30.18
"2355","Ukraine",2004,30.16
"2356","Ukraine",2003,30.1
"2357","Ukraine",2002,30.19
"2358","Ukraine",2001,30.28
"2359","Ukraine",2000,30.3
"2360","United Arab Emirates",2018,25.28
"2361","United Arab Emirates",2017,24.36
"2362","United Arab Emirates",2016,23.71
"2363","United Arab Emirates",2015,22.11
"2364","United Arab Emirates",2014,19.95
"2365","United Arab Emirates",2013,17.41
"2366","United Arab Emirates",2012,14.77
"2367","United Arab Emirates",2011,14.37
"2368","United Arab Emirates",2010,14.2
"2369","United Arab Emirates",2009,15.18
"2370","United Arab Emirates",2008,16.41
"2371","United Arab Emirates",2007,14.05
"2372","United Arab Emirates",2006,13.3
"2373","United Arab Emirates",2005,15.19
"2374","United Arab Emirates",2004,19.18
"2375","United Arab Emirates",2003,20.76
"2376","United Arab Emirates",2002,20.03
"2377","United Arab Emirates",2001,19.83
"2378","United Arab Emirates",2000,18.02
"2379","United Kingdom of Great Britain and Northern Ireland",2018,28.12
"2380","United Kingdom of Great Britain and Northern Ireland",2017,27.86
"2381","United Kingdom of Great Britain and Northern Ireland",2016,27.56
"2382","United Kingdom of Great Britain and Northern Ireland",2015,27.47
"2383","United Kingdom of Great Britain and Northern Ireland",2014,27.15
"2384","United Kingdom of Great Britain and Northern Ireland",2013,26.77
"2385","United Kingdom of Great Britain and Northern Ireland",2012,26.67
"2386","United Kingdom of Great Britain and Northern Ireland",2011,26.6
"2387","United Kingdom of Great Britain and Northern Ireland",2010,26.27
"2388","United Kingdom of Great Britain and Northern Ireland",2009,26.28
"2389","United Kingdom of Great Britain and Northern Ireland",2008,25.54
"2390","United Kingdom of Great Britain and Northern Ireland",2007,24.84
"2391","United Kingdom of Great Britain and Northern Ireland",2006,24.59
"2392","United Kingdom of Great Britain and Northern Ireland",2005,24.12
"2393","United Kingdom of Great Britain and Northern Ireland",2004,23.36
"2394","United Kingdom of Great Britain and Northern Ireland",2003,22.04
"2395","United Kingdom of Great Britain and Northern Ireland",2002,21.15
"2396","United Kingdom of Great Britain and Northern Ireland",2001,20.42
"2397","United Kingdom of Great Britain and Northern Ireland",2000,19.91
"2398","United Kingdom of Great Britain and Northern Ireland",1999,19.11
"2399","United Kingdom of Great Britain and Northern Ireland",1998,18.96
"2400","United Kingdom of Great Britain and Northern Ireland",1997,18.53
"2401","United Kingdom of Great Britain and Northern Ireland",1996,17.97
"2402","United Kingdom of Great Britain and Northern Ireland",1995,17.57
"2403","United Kingdom of Great Britain and Northern Ireland",1994,16.98
"2404","United Kingdom of Great Britain and Northern Ireland",1993,16.85
"2405","United Kingdom of Great Britain and Northern Ireland",1992,16.48
"2406","United Kingdom of Great Britain and Northern Ireland",1991,16.35
"2407","United Kingdom of Great Britain and Northern Ireland",1990,16.2
"2408","United Republic of Tanzania",2016,0.14
"2409","United Republic of Tanzania",2014,0.6
"2410","United Republic of Tanzania",2012,0.32
"2411","United Republic of Tanzania",2002,0.23
"2412","United States of America",2017,26.12
"2413","United States of America",2016,25.88
"2414","United States of America",2015,25.78
"2415","United States of America",2014,25.74
"2416","United States of America",2013,25.6
"2417","United States of America",2012,24.99
"2418","United States of America",2011,24.64
"2419","United States of America",2010,24.35
"2420","United States of America",2009,24.47
"2421","United States of America",2008,24.41
"2422","United States of America",2007,24.36
"2423","United States of America",2006,24.29
"2424","United States of America",2005,24.36
"2425","United States of America",2004,27.15
"2426","United States of America",2000,25.94
"2427","United States of America",1995,24.39
"2428","Uruguay",2017,50.79
"2429","Uruguay",2016,39.56
"2430","Uruguay",2008,39.51
"2431","Uruguay",2002,37.23
"2432","Uzbekistan",2014,23.74
"2433","Uzbekistan",2013,24.04
"2434","Uzbekistan",2012,24.45
"2435","Uzbekistan",2011,25.04
"2436","Uzbekistan",2010,25.43
"2437","Uzbekistan",2009,25.71
"2438","Uzbekistan",2008,26.05
"2439","Uzbekistan",2007,26.33
"2440","Uzbekistan",2006,26.52
"2441","Uzbekistan",2005,26.7
"2442","Uzbekistan",2004,27.21
"2443","Uzbekistan",2003,27.82
"2444","Uzbekistan",2002,28.46
"2445","Uzbekistan",2001,29.09
"2446","Uzbekistan",2000,29.63
"2447","Uzbekistan",1998,30.75
"2448","Uzbekistan",1997,31.05
"2449","Uzbekistan",1996,31.58
"2450","Uzbekistan",1995,32.56
"2451","Uzbekistan",1994,33.14
"2452","Uzbekistan",1993,33.45
"2453","Uzbekistan",1992,33.74
"2454","Uzbekistan",1991,33.8
"2455","Uzbekistan",1990,33.91
"2456","Vanuatu",2016,1.65
"2457","Vanuatu",2012,1.84
"2458","Vanuatu",2008,1.16
"2459","Vanuatu",2007,1.19
"2460","Vanuatu",2004,1.47
"2461","Vanuatu",1997,1.14
"2462","Venezuela (Bolivarian Republic of)",2001,19.48
"2463","Viet Nam",2016,8.28
"2464","Viet Nam",2015,7.96
"2465","Viet Nam",2014,7.83
"2466","Viet Nam",2012,8.21
"2467","Viet Nam",2010,7.1
"2468","Viet Nam",2009,6.98
"2469","Viet Nam",2008,6.65
"2470","Viet Nam",2007,6.42
"2471","Viet Nam",2006,6.24
"2472","Viet Nam",2005,6.14
"2473","Viet Nam",2002,5.51
"2474","Viet Nam",2001,5.24
"2475","Yemen",2014,5.25
"2476","Yemen",2009,3.17
"2477","Yemen",2008,3.16
"2478","Yemen",2004,3.45
"2479","Yemen",1997,2.39
"2480","Zambia",2018,11.87
"2481","Zambia",2016,1.63
"2482","Zambia",2012,1.66
"2483","Zambia",2011,1.65
"2484","Zambia",2010,0.61
"2485","Zambia",2009,0.61
"2486","Zambia",2008,0.62
"2487","Zambia",2006,0.53
"2488","Zambia",2005,0.55
"2489","Zambia",2004,1.3
"2490","Zimbabwe",2018,2.1
"2491","Zimbabwe",2017,1.86
"2492","Zimbabwe",2016,1.79
"2493","Zimbabwe",2015,1.82
"2494","Zimbabwe",2014,1.24
"2495","Zimbabwe",2013,0.83
"2496","Zimbabwe",2012,0.81
"2497","Zimbabwe",2011,0.82
"2498","Zimbabwe",2010,1.27
"2499","Zimbabwe",2009,1.21
"2500","Zimbabwe",2008,0.6
"2501","Zimbabwe",2007,0.54
"2502","Zimbabwe",2005,1.26
"2503","Zimbabwe",2004,1.74
"2504","Zimbabwe",2000,1.26
"2505","Zimbabwe",1995,1.43
"2506","Zimbabwe",1990,1.27
